date,source_type,raw_value,unit
2025-08-14,electricity,131250,kWh
2025-08-14,bus_diesel,5445,Liters
2025-08-14,canteen_lpg,833,kg
2025-08-14,waste_landfill,2280,kg
2025-08-15,electricity,128960,kWh
2025-08-15,bus_diesel,5720,Liters
2025-08-15,canteen_lpg,841,kg
2025-08-15,waste_landfill,2346,kg
2025-08-16,bus_diesel,137,Liters
2025-08-16,canteen_lpg,212,kg
2025-08-16,waste_landfill,1375,kg
2025-08-17,electricity,99850,kWh
2025-08-17,bus_diesel,205,Liters
2025-08-17,canteen_lpg,241,kg
2025-08-17,waste_landfill,1268,kg
2025-08-18,electricity,134105,kWh
2025-08-18,bus_diesel,5890,Liters
2025-08-18,canteen_lpg,867,kg
2025-08-18,waste_landfill,2410,kg
2025-08-19,electricity,130000,kWh
2025-08-19,bus_diesel,5225,Liters
2025-08-19,canteen_lpg,816,kg
2025-08-19,waste_landfill,2231,kg
2025-08-20,electricity,135200,kWh
2025-08-20,bus_diesel,5610,Liters
2025-08-20,canteen_lpg,875,kg
2025-08-20,waste_landfill,2461,kg
2025-01-01,electricity,128700,kWh
2025-01-01,bus_diesel,5445,Liters
2025-01-01,canteen_lpg,841,kg
2025-01-01,waste_landfill,2277,kg
2025-01-02,electricity,135200,kWh
2025-01-02,bus_diesel,5665,Liters
2025-01-02,canteen_lpg,875,kg
2025-01-02,waste_landfill,2461,kg
2025-01-03,electricity,132600,kWh
2025-01-03,bus_diesel,5280,Liters
2025-01-03,canteen_lpg,858,kg
2025-01-03,waste_landfill,2369,kg
2025-01-04,electricity,101400,kWh
2025-01-04,bus_diesel,110,Liters
2025-01-04,canteen_lpg,238,kg
2025-01-04,waste_landfill,1380,kg
2025-01-05,electricity,104000,kWh
2025-01-05,bus_diesel,165,Liters
2025-01-05,canteen_lpg,221,kg
2025-01-05,waste_landfill,1265,kg
2025-01-06,electricity,133900,kWh
2025-01-06,bus_diesel,5830,Liters
2025-01-06,canteen_lpg,867,kg
2025-01-06,waste_landfill,2392,kg
2025-01-07,electricity,126100,kWh
2025-01-07,bus_diesel,5115,Liters
2025-01-07,canteen_lpg,824,kg
2025-01-07,waste_landfill,2208,kg
2025-01-08,electricity,131300,kWh
2025-01-08,bus_diesel,5390,Liters
2025-01-08,canteen_lpg,807,kg
2025-01-08,waste_landfill,2438,kg
2025-01-09,electricity,124800,kWh
2025-01-09,bus_diesel,5005,Liters
2025-01-09,canteen_lpg,833,kg
2025-01-09,waste_landfill,2231,kg
2025-01-10,electricity,133900,kWh
2025-01-10,bus_diesel,5885,Liters
2025-01-10,canteen_lpg,884,kg
2025-01-10,waste_landfill,2484,kg
2025-01-11,electricity,107900,kWh
2025-01-11,bus_diesel,220,Liters
2025-01-11,canteen_lpg,246,kg
2025-01-11,waste_landfill,1495,kg
2025-01-12,electricity,97500,kWh
2025-01-12,bus_diesel,55,Liters
2025-01-12,canteen_lpg,187,kg
2025-01-12,waste_landfill,1150,kg
2025-01-13,electricity,127400,kWh
2025-01-13,bus_diesel,5170,Liters
2025-01-13,canteen_lpg,816,kg
2025-01-13,waste_landfill,2346,kg
2025-01-14,electricity,130000,kWh
2025-01-14,bus_diesel,5500,Liters
2025-01-14,canteen_lpg,850,kg
2025-01-14,waste_landfill,2300,kg
2025-01-15,electricity,132600,kWh
2025-01-15,bus_diesel,5775,Liters
2025-01-15,canteen_lpg,892,kg
2025-01-15,waste_landfill,2254,kg
2025-01-16,electricity,128700,kWh
2025-01-16,bus_diesel,5445,Liters
2025-01-16,canteen_lpg,841,kg
2025-01-16,waste_landfill,2277,kg
2025-01-17,electricity,135200,kWh
2025-01-17,bus_diesel,5665,Liters
2025-01-17,canteen_lpg,875,kg
2025-01-17,waste_landfill,2461,kg
2025-01-18,electricity,101400,kWh
2025-01-18,bus_diesel,110,Liters
2025-01-18,canteen_lpg,238,kg
2025-01-18,waste_landfill,1380,kg
2025-01-19,bus_diesel,165,Liters
2025-01-19,canteen_lpg,221,kg
2025-01-19,waste_landfill,1265,kg
2025-01-20,electricity,133900,kWh
2025-01-20,bus_diesel,5830,Liters
2025-01-20,canteen_lpg,867,kg
2025-01-20,waste_landfill,2392,kg
2025-01-21,electricity,126100,kWh
2025-01-21,bus_diesel,5115,Liters
2025-01-21,canteen_lpg,824,kg
2025-01-21,waste_landfill,2208,kg
2025-01-22,electricity,131300,kWh
2025-01-22,bus_diesel,5390,Liters
2025-01-22,canteen_lpg,807,kg
2025-01-22,waste_landfill,2438,kg
2025-01-23,electricity,124800,kWh
2025-01-23,bus_diesel,5005,Liters
2025-01-23,waste_landfill,2231,kg
2025-01-24,electricity,133900,kWh
2025-01-24,bus_diesel,5885,Liters
2025-01-24,canteen_lpg,884,kg
2025-01-24,waste_landfill,2484,kg
2025-01-25,electricity,107900,kWh
2025-01-25,bus_diesel,220,Liters
2025-01-25,canteen_lpg,246,kg
2025-01-25,waste_landfill,1495,kg
2025-01-26,electricity,97500,kWh
2025-01-26,bus_diesel,55,Liters
2025-01-26,canteen_lpg,187,kg
2025-01-26,waste_landfill,1150,kg
2025-01-27,electricity,127400,kWh
2025-01-27,bus_diesel,5170,Liters
2025-01-27,canteen_lpg,816,kg
2025-01-27,waste_landfill,2346,kg
2025-01-28,bus_diesel,5500,Liters
2025-01-28,canteen_lpg,850,kg
2025-01-28,waste_landfill,2300,kg
2025-01-29,electricity,132600,kWh
2025-01-29,bus_diesel,5775,Liters
2025-01-29,canteen_lpg,892,kg
2025-01-29,waste_landfill,2254,kg
2025-01-30,electricity,128700,kWh
2025-01-30,bus_diesel,5445,Liters
2025-01-30,canteen_lpg,841,kg
2025-01-30,waste_landfill,2277,kg
2025-02-01,electricity,100100,kWh
2025-02-01,bus_diesel,165,Liters
2025-02-01,canteen_lpg,229,kg
2025-02-01,waste_landfill,1311,kg
2025-02-02,electricity,105300,kWh
2025-02-02,bus_diesel,220,Liters
2025-02-02,canteen_lpg,204,kg
2025-02-02,waste_landfill,1449,kg
2025-02-03,electricity,136500,kWh
2025-02-03,bus_diesel,5940,Liters
2025-02-03,canteen_lpg,884,kg
2025-02-03,waste_landfill,2438,kg
2025-02-04,electricity,127400,kWh
2025-02-04,bus_diesel,5170,Liters
2025-02-04,canteen_lpg,807,kg
2025-02-04,waste_landfill,2208,kg
2025-02-05,electricity,131300,kWh
2025-02-05,bus_diesel,5390,Liters
2025-02-05,canteen_lpg,833,kg
2025-02-05,waste_landfill,2254,kg
2025-02-06,electricity,124800,kWh
2025-02-06,bus_diesel,5005,Liters
2025-02-06,canteen_lpg,816,kg
2025-02-06,waste_landfill,2346,kg
2025-02-07,electricity,133900,kWh
2025-02-07,bus_diesel,5885,Liters
2025-02-07,canteen_lpg,858,kg
2025-02-07,waste_landfill,2484,kg
2025-02-08,electricity,107900,kWh
2025-02-08,bus_diesel,220,Liters
2025-02-08,canteen_lpg,246,kg
2025-02-08,waste_landfill,1495,kg
2025-02-09,electricity,97500,kWh
2025-02-09,bus_diesel,55,Liters
2025-02-09,canteen_lpg,187,kg
2025-02-09,waste_landfill,1150,kg
2025-02-10,electricity,127400,kWh
2025-02-10,bus_diesel,5170,Liters
2025-02-10,canteen_lpg,816,kg
2025-02-10,waste_landfill,2346,kg
2025-02-11,electricity,130000,kWh
2025-02-11,bus_diesel,5500,Liters
2025-02-11,canteen_lpg,850,kg
2025-02-11,waste_landfill,2300,kg
2025-02-12,electricity,132600,kWh
2025-02-12,bus_diesel,5775,Liters
2025-02-12,canteen_lpg,892,kg
2025-02-12,waste_landfill,2254,kg
2025-02-13,electricity,128700,kWh
2025-02-13,bus_diesel,5445,Liters
2025-02-13,canteen_lpg,841,kg
2025-02-13,waste_landfill,2277,kg
2025-02-14,electricity,135200,kWh
2025-02-14,bus_diesel,5665,Liters
2025-02-14,canteen_lpg,875,kg
2025-02-14,waste_landfill,2461,kg
2025-02-15,electricity,101400,kWh
2025-02-15,bus_diesel,110,Liters
2025-02-15,canteen_lpg,238,kg
2025-02-15,waste_landfill,1380,kg
2025-02-16,electricity,104000,kWh
2025-02-16,bus_diesel,165,Liters
2025-02-16,canteen_lpg,221,kg
2025-02-16,waste_landfill,1265,kg
2025-02-17,electricity,133900,kWh
2025-02-17,bus_diesel,5830,Liters
2025-02-17,canteen_lpg,867,kg
2025-02-17,waste_landfill,2392,kg
2025-02-18,electricity,126100,kWh
2025-02-18,bus_diesel,5115,Liters
2025-02-18,canteen_lpg,824,kg
2025-02-18,waste_landfill,2208,kg
2025-02-19,electricity,131300,kWh
2025-02-19,bus_diesel,5390,Liters
2025-02-19,canteen_lpg,807,kg
2025-02-19,waste_landfill,2438,kg
2025-02-20,electricity,124800,kWh
2025-02-20,bus_diesel,5005,Liters
2025-02-20,canteen_lpg,833,kg
2025-02-20,waste_landfill,2231,kg
2025-02-21,electricity,133900,kWh
2025-02-21,bus_diesel,5885,Liters
2025-02-21,canteen_lpg,884,kg
2025-02-21,waste_landfill,2484,kg
2025-02-22,electricity,107900,kWh
2025-02-22,bus_diesel,220,Liters
2025-02-22,canteen_lpg,246,kg
2025-02-22,waste_landfill,1495,kg
2025-02-23,bus_diesel,55,Liters
2025-02-23,canteen_lpg,187,kg
2025-02-23,waste_landfill,1150,kg
2025-02-24,electricity,127400,kWh
2025-02-24,bus_diesel,5170,Liters
2025-02-24,canteen_lpg,816,kg
2025-02-24,waste_landfill,2346,kg
2025-02-25,electricity,130000,kWh
2025-02-25,bus_diesel,5500,Liters
2025-02-25,canteen_lpg,850,kg
2025-02-25,waste_landfill,2300,kg
2025-02-26,electricity,132600,kWh
2025-02-26,bus_diesel,5775,Liters
2025-02-26,canteen_lpg,892,kg
2025-02-26,waste_landfill,2254,kg
2025-02-27,electricity,128700,kWh
2025-02-27,bus_diesel,5445,Liters
2025-02-27,canteen_lpg,841,kg
2025-02-27,waste_landfill,2277,kg
2025-02-28,electricity,135200,kWh
2025-02-28,bus_diesel,5665,Liters
2025-02-28,canteen_lpg,875,kg
2025-02-28,waste_landfill,2461,kg
2025-03-01,electricity,101400,kWh
2025-03-01,bus_diesel,110,Liters
2025-03-01,canteen_lpg,238,kg
2025-03-01,waste_landfill,1380,kg
2025-03-02,electricity,104000,kWh
2025-03-02,bus_diesel,165,Liters
2025-03-02,canteen_lpg,221,kg
2025-03-02,waste_landfill,1265,kg
2025-03-03,electricity,133900,kWh
2025-03-03,bus_diesel,5830,Liters
2025-03-03,canteen_lpg,867,kg
2025-03-03,waste_landfill,2392,kg
2025-03-04,electricity,126100,kWh
2025-03-04,bus_diesel,5115,Liters
2025-03-04,canteen_lpg,824,kg
2025-03-04,waste_landfill,2208,kg
2025-03-05,electricity,131300,kWh
2025-03-05,bus_diesel,5390,Liters
2025-03-05,canteen_lpg,807,kg
2025-03-05,waste_landfill,2438,kg
2025-03-06,electricity,124800,kWh
2025-03-06,bus_diesel,5005,Liters
2025-03-06,canteen_lpg,833,kg
2025-03-06,waste_landfill,2231,kg
2025-03-07,electricity,133900,kWh
2025-03-07,bus_diesel,5885,Liters
2025-03-07,canteen_lpg,884,kg
2025-03-07,waste_landfill,2484,kg
2025-03-08,electricity,107900,kWh
2025-03-08,bus_diesel,220,Liters
2025-03-08,canteen_lpg,246,kg
2025-03-08,waste_landfill,1495,kg
2025-03-09,electricity,97500,kWh
2025-03-09,bus_diesel,55,Liters
2025-03-09,canteen_lpg,187,kg
2025-03-09,waste_landfill,1150,kg
2025-03-10,electricity,127400,kWh
2025-03-10,bus_diesel,5170,Liters
2025-03-10,canteen_lpg,816,kg
2025-03-10,waste_landfill,2346,kg
2025-03-11,electricity,130000,kWh
2025-03-11,bus_diesel,5500,Liters
2025-03-11,canteen_lpg,850,kg
2025-03-11,waste_landfill,2300,kg
2025-03-12,electricity,132600,kWh
2025-03-12,bus_diesel,5775,Liters
2025-03-12,canteen_lpg,892,kg
2025-03-12,waste_landfill,2254,kg
2025-03-13,electricity,128700,kWh
2025-03-13,bus_diesel,5445,Liters
2025-03-13,canteen_lpg,841,kg
2025-03-13,waste_landfill,2277,kg
2025-03-14,electricity,135200,kWh
2025-03-14,bus_diesel,5665,Liters
2025-03-14,canteen_lpg,875,kg
2025-03-14,waste_landfill,2461,kg
2025-03-15,electricity,101400,kWh
2025-03-15,bus_diesel,110,Liters
2025-03-15,canteen_lpg,238,kg
2025-03-15,waste_landfill,1380,kg
2025-03-16,electricity,104000,kWh
2025-03-16,bus_diesel,165,Liters
2025-03-16,canteen_lpg,221,kg
2025-03-16,waste_landfill,1265,kg
2025-03-17,electricity,133900,kWh
2025-03-17,bus_diesel,5830,Liters
2025-03-17,canteen_lpg,867,kg
2025-03-17,waste_landfill,2392,kg
2025-03-18,electricity,126100,kWh
2025-03-18,bus_diesel,5115,Liters
2025-03-18,canteen_lpg,824,kg
2025-03-18,waste_landfill,2208,kg
2025-03-19,electricity,131300,kWh
2025-03-19,bus_diesel,5390,Liters
2025-03-19,canteen_lpg,807,kg
2025-03-19,waste_landfill,2438,kg
2025-03-20,electricity,124800,kWh
2025-03-20,bus_diesel,5005,Liters
2025-03-20,canteen_lpg,833,kg
2025-03-20,waste_landfill,2231,kg
2025-03-21,electricity,133900,kWh
2025-03-21,bus_diesel,5885,Liters
2025-03-21,canteen_lpg,884,kg
2025-03-21,waste_landfill,2484,kg
2025-03-22,electricity,107900,kWh
2025-03-22,bus_diesel,220,Liters
2025-03-22,canteen_lpg,246,kg
2025-03-22,waste_landfill,1495,kg
2025-03-23,electricity,97500,kWh
2025-03-23,bus_diesel,55,Liters
2025-03-23,canteen_lpg,187,kg
2025-03-23,waste_landfill,1150,kg
2025-03-24,electricity,127400,kWh
2025-03-24,bus_diesel,5170,Liters
2025-03-24,canteen_lpg,816,kg
2025-03-24,waste_landfill,2346,kg
2025-03-25,electricity,130000,kWh
2025-03-25,bus_diesel,5500,Liters
2025-03-25,canteen_lpg,850,kg
2025-03-25,waste_landfill,2300,kg
2025-03-26,electricity,132600,kWh
2025-03-26,bus_diesel,5775,Liters
2025-03-26,canteen_lpg,892,kg
2025-03-26,waste_landfill,2254,kg
2025-03-27,electricity,128700,kWh
2025-03-27,bus_diesel,5445,Liters
2025-03-27,waste_landfill,2277,kg
2025-03-28,electricity,135200,kWh
2025-03-28,bus_diesel,5665,Liters
2025-03-28,canteen_lpg,875,kg
2025-03-28,waste_landfill,2461,kg
2025-03-29,electricity,101400,kWh
2025-03-29,bus_diesel,110,Liters
2025-03-29,canteen_lpg,238,kg
2025-03-29,waste_landfill,1380,kg
2025-03-30,electricity,104000,kWh
2025-03-30,bus_diesel,165,Liters
2025-03-30,canteen_lpg,221,kg
2025-03-30,waste_landfill,1265,kg
2025-03-31,electricity,133900,kWh
2025-03-31,bus_diesel,5830,Liters
2025-03-31,canteen_lpg,867,kg
2025-03-31,waste_landfill,2392,kg
2025-04-01,electricity,126100,kWh
2025-04-01,bus_diesel,5115,Liters
2025-04-01,canteen_lpg,824,kg
2025-04-01,waste_landfill,2208,kg
2025-04-02,electricity,131300,kWh
2025-04-02,bus_diesel,5390,Liters
2025-04-02,canteen_lpg,807,kg
2025-04-02,waste_landfill,2438,kg
2025-04-03,electricity,124800,kWh
2025-04-03,bus_diesel,5005,Liters
2025-04-03,canteen_lpg,833,kg
2025-04-03,waste_landfill,2231,kg
2025-04-04,electricity,133900,kWh
2025-04-04,bus_diesel,5885,Liters
2025-04-04,canteen_lpg,884,kg
2025-04-04,waste_landfill,2484,kg
2025-04-05,electricity,107900,kWh
2025-04-05,bus_diesel,220,Liters
2025-04-05,canteen_lpg,246,kg
2025-04-05,waste_landfill,1495,kg
2025-04-06,electricity,97500,kWh
2025-04-06,bus_diesel,55,Liters
2025-04-06,canteen_lpg,187,kg
2025-04-06,waste_landfill,1150,kg
2025-04-07,electricity,127400,kWh
2025-04-07,bus_diesel,5170,Liters
2025-04-07,canteen_lpg,816,kg
2025-04-07,waste_landfill,2346,kg
2025-04-08,electricity,130000,kWh
2025-04-08,bus_diesel,5500,Liters
2025-04-08,canteen_lpg,850,kg
2025-04-08,waste_landfill,2300,kg
2025-04-09,electricity,132600,kWh
2025-04-09,bus_diesel,5775,Liters
2025-04-09,canteen_lpg,892,kg
2025-04-09,waste_landfill,2254,kg
2025-04-10,electricity,128700,kWh
2025-04-10,bus_diesel,5445,Liters
2025-04-10,canteen_lpg,841,kg
2025-04-10,waste_landfill,2277,kg
2025-04-11,electricity,135200,kWh
2025-04-11,bus_diesel,5665,Liters
2025-04-11,canteen_lpg,875,kg
2025-04-11,waste_landfill,2461,kg
2025-04-12,electricity,101400,kWh
2025-04-12,bus_diesel,110,Liters
2025-04-12,canteen_lpg,238,kg
2025-04-12,waste_landfill,1380,kg
2025-04-13,electricity,104000,kWh
2025-04-13,bus_diesel,165,Liters
2025-04-13,canteen_lpg,221,kg
2025-04-13,waste_landfill,1265,kg
2025-04-14,electricity,133900,kWh
2025-04-14,bus_diesel,5830,Liters
2025-04-14,canteen_lpg,867,kg
2025-04-14,waste_landfill,2392,kg
2025-04-15,electricity,126100,kWh
2025-04-15,bus_diesel,5115,Liters
2025-04-15,canteen_lpg,824,kg
2025-04-15,waste_landfill,2208,kg
2025-04-16,electricity,131300,kWh
2025-04-16,bus_diesel,5390,Liters
2025-04-16,canteen_lpg,807,kg
2025-04-16,waste_landfill,2438,kg
2025-04-17,electricity,124800,kWh
2025-04-17,bus_diesel,5005,Liters
2025-04-17,canteen_lpg,833,kg
2025-04-17,waste_landfill,2231,kg
2025-04-18,electricity,133900,kWh
2025-04-18,bus_diesel,5885,Liters
2025-04-18,canteen_lpg,884,kg
2025-04-18,waste_landfill,2484,kg
2025-04-19,electricity,107900,kWh
2025-04-19,bus_diesel,220,Liters
2025-04-19,canteen_lpg,246,kg
2025-04-20,electricity,97500,kWh
2025-04-20,bus_diesel,55,Liters
2025-04-20,canteen_lpg,187,kg
2025-04-20,waste_landfill,1150,kg
2025-04-21,electricity,127400,kWh
2025-04-21,bus_diesel,5170,Liters
2025-04-21,canteen_lpg,816,kg
2025-04-21,waste_landfill,2346,kg
2025-04-22,electricity,130000,kWh
2025-04-22,bus_diesel,5500,Liters
2025-04-22,canteen_lpg,850,kg
2025-04-22,waste_landfill,2300,kg
2025-04-23,electricity,132600,kWh
2025-04-23,bus_diesel,5775,Liters
2025-04-23,canteen_lpg,892,kg
2025-04-23,waste_landfill,2254,kg
2025-04-24,electricity,128700,kWh
2025-04-24,bus_diesel,5445,Liters
2025-04-24,canteen_lpg,841,kg
2025-04-24,waste_landfill,2277,kg
2025-04-25,electricity,135200,kWh
2025-04-25,bus_diesel,5665,Liters
2025-04-25,canteen_lpg,875,kg
2025-04-25,waste_landfill,2461,kg
2025-04-26,electricity,101400,kWh
2025-04-26,bus_diesel,110,Liters
2025-04-26,canteen_lpg,238,kg
2025-04-26,waste_landfill,1380,kg
2025-04-27,electricity,104000,kWh
2025-04-27,bus_diesel,165,Liters
2025-04-27,canteen_lpg,221,kg
2025-04-27,waste_landfill,1265,kg
2025-04-28,electricity,133900,kWh
2025-04-28,bus_diesel,5830,Liters
2025-04-28,waste_landfill,2392,kg
2025-04-29,electricity,126100,kWh
2025-04-29,bus_diesel,5115,Liters
2025-04-29,canteen_lpg,824,kg
2025-04-29,waste_landfill,2208,kg
2025-04-30,bus_diesel,5390,Liters
2025-04-30,canteen_lpg,807,kg
2025-04-30,waste_landfill,2438,kg
2025-05-01,electricity,124800,kWh
2025-05-01,bus_diesel,5005,Liters
2025-05-01,canteen_lpg,833,kg
2025-05-01,waste_landfill,2231,kg
2025-05-02,electricity,133900,kWh
2025-05-02,bus_diesel,5885,Liters
2025-05-02,canteen_lpg,884,kg
2025-05-02,waste_landfill,2484,kg
2025-05-03,electricity,107900,kWh
2025-05-03,bus_diesel,220,Liters
2025-05-03,canteen_lpg,246,kg
2025-05-03,waste_landfill,1495,kg
2025-05-04,electricity,97500,kWh
2025-05-04,bus_diesel,55,Liters
2025-05-04,canteen_lpg,187,kg
2025-05-04,waste_landfill,1150,kg
2025-05-05,electricity,127400,kWh
2025-05-05,bus_diesel,5170,Liters
2025-05-05,canteen_lpg,816,kg
2025-05-05,waste_landfill,2346,kg
2025-05-06,electricity,130000,kWh
2025-05-06,bus_diesel,5500,Liters
2025-05-06,canteen_lpg,850,kg
2025-05-06,waste_landfill,2300,kg
2025-05-07,electricity,132600,kWh
2025-05-07,bus_diesel,5775,Liters
2025-05-07,canteen_lpg,892,kg
2025-05-07,waste_landfill,2254,kg
2025-05-08,electricity,128700,kWh
2025-05-08,bus_diesel,5445,Liters
2025-05-08,canteen_lpg,841,kg
2025-05-08,waste_landfill,2277,kg
2025-05-09,electricity,135200,kWh
2025-05-09,bus_diesel,5665,Liters
2025-05-09,canteen_lpg,875,kg
2025-05-09,waste_landfill,2461,kg
2025-05-10,electricity,101400,kWh
2025-05-10,bus_diesel,110,Liters
2025-05-10,canteen_lpg,238,kg
2025-05-10,waste_landfill,1380,kg
2025-05-11,electricity,104000,kWh
2025-05-11,bus_diesel,165,Liters
2025-05-11,canteen_lpg,221,kg
2025-05-11,waste_landfill,1265,kg
2025-05-12,electricity,133900,kWh
2025-05-12,bus_diesel,5830,Liters
2025-05-12,canteen_lpg,867,kg
2025-05-12,waste_landfill,2392,kg
2025-05-13,electricity,126100,kWh
2025-05-13,bus_diesel,5115,Liters
2025-05-13,canteen_lpg,824,kg
2025-05-13,waste_landfill,2208,kg
2025-05-14,electricity,131300,kWh
2025-05-14,bus_diesel,5390,Liters
2025-05-14,canteen_lpg,807,kg
2025-05-14,waste_landfill,2438,kg
2025-05-15,electricity,124800,kWh
2025-05-15,bus_diesel,5005,Liters
2025-05-15,canteen_lpg,833,kg
2025-05-15,waste_landfill,2231,kg
2025-05-16,electricity,133900,kWh
2025-05-16,bus_diesel,5885,Liters
2025-05-16,canteen_lpg,884,kg
2025-05-16,waste_landfill,2484,kg
2025-05-17,electricity,107900,kWh
2025-05-17,bus_diesel,220,Liters
2025-05-17,canteen_lpg,246,kg
2025-05-17,waste_landfill,1495,kg
2025-05-18,electricity,97500,kWh
2025-05-18,bus_diesel,55,Liters
2025-05-18,canteen_lpg,187,kg
2025-05-18,waste_landfill,1150,kg
2025-05-19,electricity,127400,kWh
2025-05-19,bus_diesel,5170,Liters
2025-05-19,canteen_lpg,816,kg
2025-05-19,waste_landfill,2346,kg
2025-05-20,electricity,130000,kWh
2025-05-20,bus_diesel,5500,Liters
2025-05-20,canteen_lpg,850,kg
2025-05-20,waste_landfill,2300,kg
2025-05-21,electricity,132600,kWh
2025-05-21,bus_diesel,5775,Liters
2025-05-21,canteen_lpg,892,kg
2025-05-21,waste_landfill,2254,kg
2025-05-22,electricity,128700,kWh
2025-05-22,bus_diesel,5445,Liters
2025-05-22,canteen_lpg,841,kg
2025-05-22,waste_landfill,2277,kg
2025-05-23,electricity,135200,kWh
2025-05-23,bus_diesel,5665,Liters
2025-05-23,canteen_lpg,875,kg
2025-05-23,waste_landfill,2461,kg
2025-05-24,electricity,101400,kWh
2025-05-24,bus_diesel,110,Liters
2025-05-24,canteen_lpg,238,kg
2025-05-24,waste_landfill,1380,kg
2025-05-25,electricity,104000,kWh
2025-05-25,bus_diesel,165,Liters
2025-05-25,canteen_lpg,221,kg
2025-05-25,waste_landfill,1265,kg
2025-05-26,electricity,133900,kWh
2025-05-26,bus_diesel,5830,Liters
2025-05-26,canteen_lpg,867,kg
2025-05-26,waste_landfill,2392,kg
2025-05-27,electricity,126100,kWh
2025-05-27,bus_diesel,5115,Liters
2025-05-27,canteen_lpg,824,kg
2025-05-27,waste_landfill,2208,kg
2025-05-28,electricity,131300,kWh
2025-05-28,bus_diesel,5390,Liters
2025-05-28,canteen_lpg,807,kg
2025-05-28,waste_landfill,2438,kg
2025-05-29,electricity,124800,kWh
2025-05-29,bus_diesel,5005,Liters
2025-05-29,canteen_lpg,833,kg
2025-05-29,waste_landfill,2231,kg
2025-05-30,electricity,133900,kWh
2025-05-30,bus_diesel,5885,Liters
2025-05-30,canteen_lpg,884,kg
2025-05-30,waste_landfill,2484,kg
2025-05-31,electricity,107900,kWh
2025-05-31,bus_diesel,220,Liters
2025-05-31,canteen_lpg,246,kg
2025-05-31,waste_landfill,1495,kg
2025-06-01,electricity,97500,kWh
2025-06-01,bus_diesel,55,Liters
2025-06-01,canteen_lpg,187,kg
2025-06-01,waste_landfill,1150,kg
2025-06-02,electricity,127400,kWh
2025-06-02,bus_diesel,5170,Liters
2025-06-02,canteen_lpg,816,kg
2025-06-02,waste_landfill,2346,kg
2025-06-03,electricity,130000,kWh
2025-06-03,bus_diesel,5500,Liters
2025-06-03,canteen_lpg,850,kg
2025-06-03,waste_landfill,2300,kg
2025-06-04,electricity,132600,kWh
2025-06-04,bus_diesel,5775,Liters
2025-06-04,canteen_lpg,892,kg
2025-06-04,waste_landfill,2254,kg
2025-06-05,electricity,128700,kWh
2025-06-05,bus_diesel,5445,Liters
2025-06-05,canteen_lpg,841,kg
2025-06-05,waste_landfill,2277,kg
2025-06-06,electricity,135200,kWh
2025-06-06,bus_diesel,5665,Liters
2025-06-06,canteen_lpg,875,kg
2025-06-06,waste_landfill,2461,kg
2025-06-07,electricity,101400,kWh
2025-06-07,bus_diesel,110,Liters
2025-06-07,canteen_lpg,238,kg
2025-06-07,waste_landfill,1380,kg
2025-06-08,electricity,104000,kWh
2025-06-08,bus_diesel,165,Liters
2025-06-08,canteen_lpg,221,kg
2025-06-08,waste_landfill,1265,kg
2025-06-09,electricity,133900,kWh
2025-06-09,bus_diesel,5830,Liters
2025-06-09,canteen_lpg,867,kg
2025-06-09,waste_landfill,2392,kg
2025-06-10,electricity,126100,kWh
2025-06-10,bus_diesel,5115,Liters
2025-06-10,canteen_lpg,824,kg
2025-06-10,waste_landfill,2208,kg
2025-06-11,electricity,131300,kWh
2025-06-11,bus_diesel,5390,Liters
2025-06-11,canteen_lpg,807,kg
2025-06-11,waste_landfill,2438,kg
2025-06-12,electricity,124800,kWh
2025-06-12,bus_diesel,5005,Liters
2025-06-12,canteen_lpg,833,kg
2025-06-12,waste_landfill,2231,kg
2025-06-13,electricity,133900,kWh
2025-06-13,bus_diesel,5885,Liters
2025-06-13,canteen_lpg,884,kg
2025-06-13,waste_landfill,2484,kg
2025-06-14,bus_diesel,220,Liters
2025-06-14,canteen_lpg,246,kg
2025-06-14,waste_landfill,1495,kg
2025-06-15,electricity,97500,kWh
2025-06-15,bus_diesel,55,Liters
2025-06-15,canteen_lpg,187,kg
2025-06-16,electricity,127400,kWh
2025-06-16,bus_diesel,5170,Liters
2025-06-16,canteen_lpg,816,kg
2025-06-16,waste_landfill,2346,kg
2025-06-17,electricity,130000,kWh
2025-06-17,bus_diesel,5500,Liters
2025-06-17,canteen_lpg,850,kg
2025-06-17,waste_landfill,2300,kg
2025-06-18,electricity,132600,kWh
2025-06-18,bus_diesel,5775,Liters
2025-06-18,canteen_lpg,892,kg
2025-06-18,waste_landfill,2254,kg
2025-06-19,electricity,128700,kWh
2025-06-19,bus_diesel,5445,Liters
2025-06-19,canteen_lpg,841,kg
2025-06-19,waste_landfill,2277,kg
2025-06-20,electricity,135200,kWh
2025-06-20,bus_diesel,5665,Liters
2025-06-20,canteen_lpg,875,kg
2025-06-20,waste_landfill,2461,kg
2025-06-21,bus_diesel,110,Liters
2025-06-21,canteen_lpg,238,kg
2025-06-21,waste_landfill,1380,kg
2025-06-22,electricity,104000,kWh
2025-06-22,bus_diesel,165,Liters
2025-06-22,canteen_lpg,221,kg
2025-06-22,waste_landfill,1265,kg
2025-06-23,electricity,133900,kWh
2025-06-23,bus_diesel,5830,Liters
2025-06-23,canteen_lpg,867,kg
2025-06-23,waste_landfill,2392,kg
2025-06-24,electricity,126100,kWh
2025-06-24,bus_diesel,5115,Liters
2025-06-24,canteen_lpg,824,kg
2025-06-24,waste_landfill,2208,kg
2025-06-25,electricity,131300,kWh
2025-06-25,bus_diesel,5390,Liters
2025-06-25,canteen_lpg,807,kg
2025-06-25,waste_landfill,2438,kg
2025-06-26,electricity,124800,kWh
2025-06-26,bus_diesel,5005,Liters
2025-06-26,canteen_lpg,833,kg
2025-06-26,waste_landfill,2231,kg
2025-06-27,electricity,133900,kWh
2025-06-27,bus_diesel,5885,Liters
2025-06-27,canteen_lpg,884,kg
2025-06-27,waste_landfill,2484,kg
2025-06-28,electricity,107900,kWh
2025-06-28,bus_diesel,220,Liters
2025-06-28,canteen_lpg,246,kg
2025-06-28,waste_landfill,1495,kg
2025-06-29,electricity,97500,kWh
2025-06-29,bus_diesel,55,Liters
2025-06-29,canteen_lpg,187,kg
2025-06-30,electricity,127400,kWh
2025-06-30,bus_diesel,5170,Liters
2025-06-30,canteen_lpg,816,kg
2025-06-30,waste_landfill,2346,kg
2025-07-01,electricity,130000,kWh
2025-07-01,bus_diesel,5500,Liters
2025-07-01,canteen_lpg,850,kg
2025-07-01,waste_landfill,2300,kg
2025-07-02,electricity,132600,kWh
2025-07-02,bus_diesel,5775,Liters
2025-07-02,canteen_lpg,892,kg
2025-07-02,waste_landfill,2254,kg
2025-07-03,electricity,128700,kWh
2025-07-03,bus_diesel,5445,Liters
2025-07-03,canteen_lpg,841,kg
2025-07-03,waste_landfill,2277,kg
2025-07-04,electricity,135200,kWh
2025-07-04,bus_diesel,5665,Liters
2025-07-04,canteen_lpg,875,kg
2025-07-04,waste_landfill,2461,kg
2025-07-05,electricity,101400,kWh
2025-07-05,bus_diesel,110,Liters
2025-07-05,canteen_lpg,238,kg
2025-07-05,waste_landfill,1380,kg
2025-07-06,electricity,104000,kWh
2025-07-06,bus_diesel,165,Liters
2025-07-06,canteen_lpg,221,kg
2025-07-06,waste_landfill,1265,kg
2025-07-07,electricity,133900,kWh
2025-07-07,bus_diesel,5830,Liters
2025-07-07,canteen_lpg,867,kg
2025-07-07,waste_landfill,2392,kg
2025-07-08,electricity,126100,kWh
2025-07-08,bus_diesel,5115,Liters
2025-07-08,canteen_lpg,824,kg
2025-07-08,waste_landfill,2208,kg
2025-07-09,electricity,131300,kWh
2025-07-09,bus_diesel,5390,Liters
2025-07-09,canteen_lpg,807,kg
2025-07-09,waste_landfill,2438,kg
2025-07-10,electricity,124800,kWh
2025-07-10,bus_diesel,5005,Liters
2025-07-10,canteen_lpg,833,kg
2025-07-10,waste_landfill,2231,kg
2025-07-11,electricity,133900,kWh
2025-07-11,bus_diesel,5885,Liters
2025-07-11,canteen_lpg,884,kg
2025-07-11,waste_landfill,2484,kg
2025-07-12,electricity,107900,kWh
2025-07-12,bus_diesel,220,Liters
2025-07-12,canteen_lpg,246,kg
2025-07-12,waste_landfill,1495,kg
2025-07-13,electricity,97500,kWh
2025-07-13,bus_diesel,55,Liters
2025-07-13,canteen_lpg,187,kg
2025-07-13,waste_landfill,1150,kg
2025-07-14,electricity,127400,kWh
2025-07-14,bus_diesel,5170,Liters
2025-07-14,canteen_lpg,816,kg
2025-07-14,waste_landfill,2346,kg
2025-07-15,electricity,130000,kWh
2025-07-15,bus_diesel,5500,Liters
2025-07-15,canteen_lpg,850,kg
2025-07-15,waste_landfill,2300,kg
2025-07-16,electricity,132600,kWh
2025-07-16,bus_diesel,5775,Liters
2025-07-16,canteen_lpg,892,kg
2025-07-16,waste_landfill,2254,kg
2025-07-17,electricity,128700,kWh
2025-07-17,bus_diesel,5445,Liters
2025-07-17,canteen_lpg,841,kg
2025-07-17,waste_landfill,2277,kg
2025-07-18,electricity,135200,kWh
2025-07-18,bus_diesel,5665,Liters
2025-07-18,canteen_lpg,875,kg
2025-07-18,waste_landfill,2461,kg
2025-07-19,electricity,101400,kWh
2025-07-19,bus_diesel,110,Liters
2025-07-19,canteen_lpg,238,kg
2025-07-19,waste_landfill,1380,kg
2025-07-20,electricity,104000,kWh
2025-07-20,bus_diesel,165,Liters
2025-07-20,canteen_lpg,221,kg
2025-07-20,waste_landfill,1265,kg
2025-07-21,electricity,133900,kWh
2025-07-21,bus_diesel,5830,Liters
2025-07-21,canteen_lpg,867,kg
2025-07-21,waste_landfill,2392,kg
2025-07-22,electricity,126100,kWh
2025-07-22,bus_diesel,5115,Liters
2025-07-22,canteen_lpg,824,kg
2025-07-22,waste_landfill,2208,kg
2025-07-23,electricity,131300,kWh
2025-07-23,bus_diesel,5390,Liters
2025-07-23,canteen_lpg,807,kg
2025-07-23,waste_landfill,2438,kg
2025-07-24,electricity,124800,kWh
2025-07-24,bus_diesel,5005,Liters
2025-07-24,canteen_lpg,833,kg
2025-07-24,waste_landfill,2231,kg
2025-07-25,electricity,133900,kWh
2025-07-25,bus_diesel,5885,Liters
2025-07-25,canteen_lpg,884,kg
2025-07-25,waste_landfill,2484,kg
2025-07-26,electricity,107900,kWh
2025-07-26,bus_diesel,220,Liters
2025-07-26,canteen_lpg,246,kg
2025-07-26,waste_landfill,1495,kg
2025-07-27,bus_diesel,55,Liters
2025-07-27,canteen_lpg,187,kg
2025-07-27,waste_landfill,1150,kg
2025-07-28,electricity,127400,kWh
2025-07-28,bus_diesel,5170,Liters
2025-07-28,canteen_lpg,816,kg
2025-07-28,waste_landfill,2346,kg
2025-07-29,electricity,130000,kWh
2025-07-29,bus_diesel,5500,Liters
2025-07-29,canteen_lpg,850,kg
2025-07-29,waste_landfill,2300,kg
2025-07-30,electricity,132600,kWh
2025-07-30,bus_diesel,5775,Liters
2025-07-30,canteen_lpg,892,kg
2025-07-30,waste_landfill,2254,kg
2025-07-31,electricity,128700,kWh
2025-07-31,canteen_lpg,841,kg
2025-07-31,waste_landfill,2277,kg
2025-08-01,electricity,135200,kWh
2025-08-01,bus_diesel,5665,Liters
2025-08-01,canteen_lpg,875,kg
2025-08-01,waste_landfill,2461,kg
2025-08-02,electricity,101400,kWh
2025-08-02,bus_diesel,110,Liters
2025-08-02,canteen_lpg,238,kg
2025-08-02,waste_landfill,1380,kg
2025-08-03,electricity,104000,kWh
2025-08-03,bus_diesel,165,Liters
2025-08-03,canteen_lpg,221,kg
2025-08-03,waste_landfill,1265,kg
2025-08-04,electricity,133900,kWh
2025-08-04,bus_diesel,5830,Liters
2025-08-04,canteen_lpg,867,kg
2025-08-04,waste_landfill,2392,kg
2025-08-05,electricity,126100,kWh
2025-08-05,bus_diesel,5115,Liters
2025-08-05,canteen_lpg,824,kg
2025-08-05,waste_landfill,2208,kg
2025-08-06,electricity,131300,kWh
2025-08-06,bus_diesel,5390,Liters
2025-08-06,canteen_lpg,807,kg
2025-08-06,waste_landfill,2438,kg
2025-08-07,electricity,124800,kWh
2025-08-07,bus_diesel,5005,Liters
2025-08-07,canteen_lpg,833,kg
2025-08-07,waste_landfill,2231,kg
2025-08-08,electricity,133900,kWh
2025-08-08,bus_diesel,5885,Liters
2025-08-08,canteen_lpg,884,kg
2025-08-08,waste_landfill,2484,kg
2025-08-09,electricity,107900,kWh
2025-08-09,bus_diesel,220,Liters
2025-08-09,canteen_lpg,246,kg
2025-08-09,waste_landfill,1495,kg
2025-08-10,electricity,97500,kWh
2025-08-10,bus_diesel,55,Liters
2025-08-10,canteen_lpg,187,kg
2025-08-10,waste_landfill,1150,kg
2025-08-11,electricity,127400,kWh
2025-08-11,bus_diesel,5170,Liters
2025-08-11,canteen_lpg,816,kg
2025-08-11,waste_landfill,2346,kg
2025-08-12,electricity,130000,kWh
2025-08-12,bus_diesel,5500,Liters
2025-08-12,canteen_lpg,850,kg
2025-08-12,waste_landfill,2300,kg
2025-08-13,electricity,132600,kWh
2025-08-13,bus_diesel,5775,Liters
2025-08-13,canteen_lpg,892,kg
2025-08-13,waste_landfill,2254,kg
2025-08-14,electricity,128700,kWh
2025-08-14,bus_diesel,5445,Liters
2025-08-14,canteen_lpg,841,kg
2025-08-14,waste_landfill,2277,kg
2025-08-15,electricity,135200,kWh
2025-08-15,bus_diesel,5665,Liters
2025-08-15,canteen_lpg,875,kg
2025-08-15,waste_landfill,2461,kg
2025-08-16,electricity,101400,kWh
2025-08-16,bus_diesel,110,Liters
2025-08-16,canteen_lpg,238,kg
2025-08-16,waste_landfill,1380,kg
2025-08-17,electricity,104000,kWh
2025-08-17,bus_diesel,165,Liters
2025-08-17,canteen_lpg,221,kg
2025-08-17,waste_landfill,1265,kg
2025-08-18,electricity,133900,kWh
2025-08-18,bus_diesel,5830,Liters
2025-08-18,canteen_lpg,867,kg
2025-08-18,waste_landfill,2392,kg
2025-08-19,electricity,126100,kWh
2025-08-19,bus_diesel,5115,Liters
2025-08-19,canteen_lpg,824,kg
2025-08-19,waste_landfill,2208,kg
2025-08-20,electricity,131300,kWh
2025-08-20,bus_diesel,5390,Liters
2025-08-20,canteen_lpg,807,kg
2025-08-20,waste_landfill,2438,kg
2025-08-21,electricity,124800,kWh
2025-08-21,bus_diesel,5005,Liters
2025-08-21,canteen_lpg,833,kg
2025-08-21,waste_landfill,2231,kg
2025-08-22,electricity,133900,kWh
2025-08-22,bus_diesel,5885,Liters
2025-08-22,canteen_lpg,884,kg
2025-08-22,waste_landfill,2484,kg
2025-08-23,electricity,107900,kWh
2025-08-23,bus_diesel,220,Liters
2025-08-23,canteen_lpg,246,kg
2025-08-23,waste_landfill,1495,kg
2025-08-24,electricity,97500,kWh
2025-08-24,bus_diesel,55,Liters
2025-08-24,canteen_lpg,187,kg
2025-08-24,waste_landfill,1150,kg
2025-08-25,electricity,127400,kWh
2025-08-25,bus_diesel,5170,Liters
2025-08-25,canteen_lpg,816,kg
2025-08-25,waste_landfill,2346,kg
2025-08-26,electricity,130000,kWh
2025-08-26,bus_diesel,5500,Liters
2025-08-26,canteen_lpg,850,kg
2025-08-26,waste_landfill,2300,kg
2025-08-27,electricity,132600,kWh
2025-08-27,bus_diesel,5775,Liters
2025-08-27,canteen_lpg,892,kg
2025-08-27,waste_landfill,2254,kg
2025-08-28,electricity,128700,kWh
2025-08-28,bus_diesel,5445,Liters
2025-08-28,canteen_lpg,841,kg
2025-08-28,waste_landfill,2277,kg
2025-08-29,electricity,135200,kWh
2025-08-29,bus_diesel,5665,Liters
2025-08-29,canteen_lpg,875,kg
2025-08-29,waste_landfill,2461,kg
2025-08-30,electricity,101400,kWh
2025-08-30,bus_diesel,110,Liters
2025-08-30,canteen_lpg,238,kg
2025-08-30,waste_landfill,1380,kg
2025-08-31,electricity,104000,kWh
2025-08-31,bus_diesel,165,Liters
2025-08-31,canteen_lpg,221,kg
2025-08-31,waste_landfill,1265,kg
2025-09-01,electricity,133900,kWh
2025-09-01,bus_diesel,5830,Liters
2025-09-01,canteen_lpg,867,kg
2025-09-01,waste_landfill,2392,kg
2025-09-02,electricity,126100,kWh
2025-09-02,bus_diesel,5115,Liters
2025-09-02,canteen_lpg,824,kg
2025-09-02,waste_landfill,2208,kg
2025-09-03,electricity,131300,kWh
2025-09-03,bus_diesel,5390,Liters
2025-09-03,canteen_lpg,807,kg
2025-09-03,waste_landfill,2438,kg
2025-09-04,electricity,124800,kWh
2025-09-04,bus_diesel,5005,Liters
2025-09-04,canteen_lpg,833,kg
2025-09-04,waste_landfill,2231,kg
2025-09-05,electricity,133900,kWh
2025-09-05,bus_diesel,5885,Liters
2025-09-05,canteen_lpg,884,kg
2025-09-05,waste_landfill,2484,kg
2025-09-06,electricity,107900,kWh
2025-09-06,bus_diesel,220,Liters
2025-09-06,canteen_lpg,246,kg
2025-09-06,waste_landfill,1495,kg
2025-09-07,electricity,97500,kWh
2025-09-07,bus_diesel,55,Liters
2025-09-07,canteen_lpg,187,kg
2025-09-07,waste_landfill,1150,kg
2025-09-08,electricity,127400,kWh
2025-09-08,bus_diesel,5170,Liters
2025-09-08,canteen_lpg,816,kg
2025-09-08,waste_landfill,2346,kg
2025-09-09,electricity,130000,kWh
2025-09-09,bus_diesel,5500,Liters
2025-09-09,canteen_lpg,850,kg
2025-09-09,waste_landfill,2300,kg
2025-09-10,electricity,132600,kWh
2025-09-10,bus_diesel,5775,Liters
2025-09-10,canteen_lpg,892,kg
2025-09-10,waste_landfill,2254,kg
2025-09-11,electricity,128700,kWh
2025-09-11,bus_diesel,5445,Liters
2025-09-11,canteen_lpg,841,kg
2025-09-11,waste_landfill,2277,kg
2025-09-12,electricity,135200,kWh
2025-09-12,bus_diesel,5665,Liters
2025-09-12,canteen_lpg,875,kg
2025-09-12,waste_landfill,2461,kg
2025-09-13,electricity,101400,kWh
2025-09-13,bus_diesel,110,Liters
2025-09-13,canteen_lpg,238,kg
2025-09-13,waste_landfill,1380,kg
2025-09-14,electricity,104000,kWh
2025-09-14,bus_diesel,165,Liters
2025-09-14,canteen_lpg,221,kg
2025-09-14,waste_landfill,1265,kg
2025-09-15,electricity,133900,kWh
2025-09-15,bus_diesel,5830,Liters
2025-09-15,canteen_lpg,867,kg
2025-09-15,waste_landfill,2392,kg
2025-09-16,electricity,126100,kWh
2025-09-16,bus_diesel,5115,Liters
2025-09-16,canteen_lpg,824,kg
2025-09-16,waste_landfill,2208,kg
2025-09-17,electricity,131300,kWh
2025-09-17,bus_diesel,5390,Liters
2025-09-17,canteen_lpg,807,kg
2025-09-17,waste_landfill,2438,kg
2025-09-18,electricity,124800,kWh
2025-09-18,bus_diesel,5005,Liters
2025-09-18,canteen_lpg,833,kg
2025-09-18,waste_landfill,2231,kg
2025-09-19,electricity,133900,kWh
2025-09-19,bus_diesel,5885,Liters
2025-09-19,canteen_lpg,884,kg
2025-09-19,waste_landfill,2484,kg
2025-09-20,electricity,107900,kWh
2025-09-20,bus_diesel,220,Liters
2025-09-20,canteen_lpg,246,kg
2025-09-20,waste_landfill,1495,kg
2025-09-21,electricity,97500,kWh
2025-09-21,bus_diesel,55,Liters
2025-09-21,canteen_lpg,187,kg
2025-09-21,waste_landfill,1150,kg
2025-09-22,electricity,127400,kWh
2025-09-22,bus_diesel,5170,Liters
2025-09-22,canteen_lpg,816,kg
2025-09-22,waste_landfill,2346,kg
2025-09-23,electricity,130000,kWh
2025-09-23,bus_diesel,5500,Liters
2025-09-23,waste_landfill,2300,kg
2025-09-24,electricity,132600,kWh
2025-09-24,bus_diesel,5775,Liters
2025-09-24,canteen_lpg,892,kg
2025-09-24,waste_landfill,2254,kg
2025-09-25,electricity,128700,kWh
2025-09-25,bus_diesel,5445,Liters
2025-09-25,canteen_lpg,841,kg
2025-09-25,waste_landfill,2277,kg
2025-09-26,electricity,135200,kWh
2025-09-26,bus_diesel,5665,Liters
2025-09-26,canteen_lpg,875,kg
2025-09-26,waste_landfill,2461,kg
2025-09-27,electricity,101400,kWh
2025-09-27,bus_diesel,110,Liters
2025-09-27,canteen_lpg,238,kg
2025-09-27,waste_landfill,1380,kg
2025-09-28,electricity,104000,kWh
2025-09-28,bus_diesel,165,Liters
2025-09-28,canteen_lpg,221,kg
2025-09-28,waste_landfill,1265,kg
2025-09-29,electricity,133900,kWh
2025-09-29,bus_diesel,5830,Liters
2025-09-29,canteen_lpg,867,kg
2025-09-29,waste_landfill,2392,kg
2025-09-30,electricity,126100,kWh
2025-09-30,bus_diesel,5115,Liters
2025-09-30,canteen_lpg,824,kg
2025-09-30,waste_landfill,2208,kg
2025-10-01,electricity,131300,kWh
2025-10-01,bus_diesel,5390,Liters
2025-10-01,canteen_lpg,807,kg
2025-10-01,waste_landfill,2438,kg
2025-10-02,electricity,124800,kWh
2025-10-02,bus_diesel,5005,Liters
2025-10-02,canteen_lpg,833,kg
2025-10-02,waste_landfill,2231,kg
2025-10-03,electricity,133900,kWh
2025-10-03,bus_diesel,5885,Liters
2025-10-03,canteen_lpg,884,kg
2025-10-03,waste_landfill,2484,kg
2025-10-04,electricity,107900,kWh
2025-10-04,bus_diesel,220,Liters
2025-10-04,canteen_lpg,246,kg
2025-10-04,waste_landfill,1495,kg
2025-10-05,electricity,97500,kWh
2025-10-05,bus_diesel,55,Liters
2025-10-05,canteen_lpg,187,kg
2025-10-05,waste_landfill,1150,kg
2025-10-06,electricity,127400,kWh
2025-10-06,bus_diesel,5170,Liters
2025-10-06,canteen_lpg,816,kg
2025-10-06,waste_landfill,2346,kg
2025-10-07,electricity,130000,kWh
2025-10-07,bus_diesel,5500,Liters
2025-10-07,canteen_lpg,850,kg
2025-10-07,waste_landfill,2300,kg
2025-10-08,electricity,132600,kWh
2025-10-08,bus_diesel,5775,Liters
2025-10-08,canteen_lpg,892,kg
2025-10-08,waste_landfill,2254,kg
2025-10-09,electricity,128700,kWh
2025-10-09,bus_diesel,5445,Liters
2025-10-09,canteen_lpg,841,kg
2025-10-09,waste_landfill,2277,kg
2025-10-10,electricity,135200,kWh
2025-10-10,bus_diesel,5665,Liters
2025-10-10,canteen_lpg,875,kg
2025-10-10,waste_landfill,2461,kg
2025-10-11,electricity,101400,kWh
2025-10-11,bus_diesel,110,Liters
2025-10-11,canteen_lpg,238,kg
2025-10-11,waste_landfill,1380,kg
2025-10-12,electricity,104000,kWh
2025-10-12,bus_diesel,165,Liters
2025-10-12,canteen_lpg,221,kg
2025-10-12,waste_landfill,1265,kg
2025-10-13,electricity,133900,kWh
2025-10-13,bus_diesel,5830,Liters
2025-10-13,canteen_lpg,867,kg
2025-10-13,waste_landfill,2392,kg
2025-10-14,electricity,126100,kWh
2025-10-14,bus_diesel,5115,Liters
2025-10-14,canteen_lpg,824,kg
2025-10-14,waste_landfill,2208,kg
2025-10-15,electricity,131300,kWh
2025-10-15,bus_diesel,5390,Liters
2025-10-15,canteen_lpg,807,kg
2025-10-15,waste_landfill,2438,kg
2025-10-16,electricity,124800,kWh
2025-10-16,bus_diesel,5005,Liters
2025-10-16,canteen_lpg,833,kg
2025-10-16,waste_landfill,2231,kg
2025-10-17,electricity,133900,kWh
2025-10-17,bus_diesel,5885,Liters
2025-10-17,canteen_lpg,884,kg
2025-10-17,waste_landfill,2484,kg
2025-10-18,electricity,107900,kWh
2025-10-18,bus_diesel,220,Liters
2025-10-18,canteen_lpg,246,kg
2025-10-18,waste_landfill,1495,kg
2025-10-19,electricity,97500,kWh
2025-10-19,bus_diesel,55,Liters
2025-10-19,canteen_lpg,187,kg
2025-10-19,waste_landfill,1150,kg
2025-10-20,electricity,127400,kWh
2025-10-20,bus_diesel,5170,Liters
2025-10-20,canteen_lpg,816,kg
2025-10-20,waste_landfill,2346,kg
2025-10-21,electricity,130000,kWh
2025-10-21,bus_diesel,5500,Liters
2025-10-21,canteen_lpg,850,kg
2025-10-21,waste_landfill,2300,kg
2025-10-22,electricity,132600,kWh
2025-10-22,bus_diesel,5775,Liters
2025-10-22,canteen_lpg,892,kg
2025-10-22,waste_landfill,2254,kg
2025-10-23,electricity,128700,kWh
2025-10-23,bus_diesel,5445,Liters
2025-10-23,canteen_lpg,841,kg
2025-10-23,waste_landfill,2277,kg
2025-10-24,electricity,135200,kWh
2025-10-24,bus_diesel,5665,Liters
2025-10-24,canteen_lpg,875,kg
2025-10-24,waste_landfill,2461,kg
2025-10-25,electricity,101400,kWh
2025-10-25,bus_diesel,110,Liters
2025-10-25,canteen_lpg,238,kg
2025-10-25,waste_landfill,1380,kg
2025-10-26,electricity,104000,kWh
2025-10-26,bus_diesel,165,Liters
2025-10-26,canteen_lpg,221,kg
2025-10-26,waste_landfill,1265,kg
2025-10-27,electricity,133900,kWh
2025-10-27,bus_diesel,5830,Liters
2025-10-27,waste_landfill,2392,kg
2025-10-28,electricity,126100,kWh
2025-10-28,bus_diesel,5115,Liters
2025-10-28,canteen_lpg,824,kg
2025-10-28,waste_landfill,2208,kg
2025-10-29,electricity,131300,kWh
2025-10-29,bus_diesel,5390,Liters
2025-10-29,canteen_lpg,807,kg
2025-10-29,waste_landfill,2438,kg
2025-10-30,electricity,124800,kWh
2025-10-30,bus_diesel,5005,Liters
2025-10-30,canteen_lpg,833,kg
2025-10-30,waste_landfill,2231,kg
2025-10-31,electricity,133900,kWh
2025-10-31,bus_diesel,5885,Liters
2025-10-31,canteen_lpg,884,kg
2025-10-31,waste_landfill,2484,kg
2025-11-01,electricity,107900,kWh
2025-11-01,bus_diesel,220,Liters
2025-11-01,canteen_lpg,246,kg
2025-11-01,waste_landfill,1495,kg
2025-11-02,electricity,97500,kWh
2025-11-02,bus_diesel,55,Liters
2025-11-02,canteen_lpg,187,kg
2025-11-02,waste_landfill,1150,kg
2025-11-03,electricity,127400,kWh
2025-11-03,bus_diesel,5170,Liters
2025-11-03,canteen_lpg,816,kg
2025-11-03,waste_landfill,2346,kg
2025-11-04,electricity,130000,kWh
2025-11-04,bus_diesel,5500,Liters
2025-11-04,canteen_lpg,850,kg
2025-11-04,waste_landfill,2300,kg
2025-11-05,electricity,132600,kWh
2025-11-05,bus_diesel,5775,Liters
2025-11-05,canteen_lpg,892,kg
2025-11-05,waste_landfill,2254,kg
2025-11-06,electricity,128700,kWh
2025-11-06,bus_diesel,5445,Liters
2025-11-06,canteen_lpg,841,kg
2025-11-06,waste_landfill,2277,kg
2025-11-07,electricity,135200,kWh
2025-11-07,bus_diesel,5665,Liters
2025-11-07,canteen_lpg,875,kg
2025-11-07,waste_landfill,2461,kg
2025-11-08,bus_diesel,110,Liters
2025-11-08,canteen_lpg,238,kg
2025-11-08,waste_landfill,1380,kg
2025-11-09,electricity,104000,kWh
2025-11-09,bus_diesel,165,Liters
2025-11-09,canteen_lpg,221,kg
2025-11-09,waste_landfill,1265,kg
2025-11-10,electricity,133900,kWh
2025-11-10,bus_diesel,5830,Liters
2025-11-10,canteen_lpg,867,kg
2025-11-10,waste_landfill,2392,kg
2025-11-11,electricity,126100,kWh
2025-11-11,bus_diesel,5115,Liters
2025-11-11,canteen_lpg,824,kg
2025-11-11,waste_landfill,2208,kg
2025-11-12,electricity,131300,kWh
2025-11-12,bus_diesel,5390,Liters
2025-11-12,canteen_lpg,807,kg
2025-11-12,waste_landfill,2438,kg
2025-11-13,bus_diesel,5005,Liters
2025-11-13,canteen_lpg,833,kg
2025-11-13,waste_landfill,2231,kg
2025-11-14,electricity,133900,kWh
2025-11-14,bus_diesel,5885,Liters
2025-11-14,canteen_lpg,884,kg
2025-11-14,waste_landfill,2484,kg
2024-12-01,electricity,97500,kWh
2024-12-01,bus_diesel,55,Liters
2024-12-01,canteen_lpg,187,kg
2024-12-01,waste_landfill,1150,kg
2024-12-02,electricity,127400,kWh
2024-12-02,bus_diesel,5170,Liters
2024-12-02,canteen_lpg,816,kg
2024-12-02,waste_landfill,2346,kg
2024-12-03,electricity,130000,kWh
2024-12-03,bus_diesel,5500,Liters
2024-12-03,canteen_lpg,850,kg
2024-12-03,waste_landfill,2300,kg
2024-12-04,electricity,132600,kWh
2024-12-04,bus_diesel,5775,Liters
2024-12-04,canteen_lpg,892,kg
2024-12-04,waste_landfill,2254,kg
2024-12-05,electricity,128700,kWh
2024-12-05,bus_diesel,5445,Liters
2024-12-05,canteen_lpg,841,kg
2024-12-05,waste_landfill,2277,kg
2024-12-06,electricity,135200,kWh
2024-12-06,bus_diesel,5665,Liters
2024-12-06,canteen_lpg,875,kg
2024-12-06,waste_landfill,2461,kg
2024-12-07,electricity,101400,kWh
2024-12-07,bus_diesel,110,Liters
2024-12-07,canteen_lpg,238,kg
2024-12-07,waste_landfill,1380,kg
2024-12-08,electricity,104000,kWh
2024-12-08,bus_diesel,165,Liters
2024-12-08,canteen_lpg,221,kg
2024-12-08,waste_landfill,1265,kg
2024-12-09,electricity,133900,kWh
2024-12-09,bus_diesel,5830,Liters
2024-12-09,canteen_lpg,867,kg
2024-12-09,waste_landfill,2392,kg
2024-12-10,electricity,126100,kWh
2024-12-10,bus_diesel,5115,Liters
2024-12-10,canteen_lpg,824,kg
2024-12-10,waste_landfill,2208,kg
2024-12-11,electricity,131300,kWh
2024-12-11,bus_diesel,5390,Liters
2024-12-11,canteen_lpg,807,kg
2024-12-11,waste_landfill,2438,kg
2024-12-12,electricity,124800,kWh
2024-12-12,bus_diesel,5005,Liters
2024-12-12,canteen_lpg,833,kg
2024-12-12,waste_landfill,2231,kg
2024-12-13,electricity,133900,kWh
2024-12-13,bus_diesel,5885,Liters
2024-12-13,canteen_lpg,884,kg
2024-12-13,waste_landfill,2484,kg
2024-12-14,electricity,107900,kWh
2024-12-14,bus_diesel,220,Liters
2024-12-14,canteen_lpg,246,kg
2024-12-14,waste_landfill,1495,kg
2024-12-15,electricity,97500,kWh
2024-12-15,bus_diesel,55,Liters
2024-12-15,canteen_lpg,187,kg
2024-12-15,waste_landfill,1150,kg
2024-12-16,electricity,127400,kWh
2024-12-16,bus_diesel,5170,Liters
2024-12-16,canteen_lpg,816,kg
2024-12-16,waste_landfill,2346,kg
2024-12-17,electricity,130000,kWh
2024-12-17,bus_diesel,5500,Liters
2024-12-17,canteen_lpg,850,kg
2024-12-17,waste_landfill,2300,kg
2024-12-18,electricity,132600,kWh
2024-12-18,bus_diesel,5775,Liters
2024-12-18,canteen_lpg,892,kg
2024-12-18,waste_landfill,2254,kg
2024-12-19,electricity,128700,kWh
2024-12-19,bus_diesel,5445,Liters
2024-12-19,canteen_lpg,841,kg
2024-12-19,waste_landfill,2277,kg
2024-12-20,electricity,135200,kWh
2024-12-20,bus_diesel,5665,Liters
2024-12-20,canteen_lpg,875,kg
2024-12-20,waste_landfill,2461,kg
2024-12-21,electricity,101400,kWh
2024-12-21,bus_diesel,110,Liters
2024-12-21,canteen_lpg,238,kg
2024-12-21,waste_landfill,1380,kg
2024-12-22,electricity,104000,kWh
2024-12-22,bus_diesel,165,Liters
2024-12-22,canteen_lpg,221,kg
2024-12-22,waste_landfill,1265,kg
2024-12-23,electricity,133900,kWh
2024-12-23,bus_diesel,5830,Liters
2024-12-23,canteen_lpg,867,kg
2024-12-23,waste_landfill,2392,kg
2024-12-24,electricity,126100,kWh
2024-12-24,bus_diesel,5115,Liters
2024-12-24,canteen_lpg,824,kg
2024-12-24,waste_landfill,2208,kg
2024-12-25,electricity,131300,kWh
2024-12-25,bus_diesel,5390,Liters
2024-12-25,canteen_lpg,807,kg
2024-12-25,waste_landfill,2438,kg
2024-12-26,electricity,124800,kWh
2024-12-26,bus_diesel,5005,Liters
2024-12-26,canteen_lpg,833,kg
2024-12-26,waste_landfill,2231,kg
2024-12-27,electricity,133900,kWh
2024-12-27,bus_diesel,5885,Liters
2024-12-27,canteen_lpg,884,kg
2024-12-27,waste_landfill,2484,kg
2024-12-28,electricity,107900,kWh
2024-12-28,bus_diesel,220,Liters
2024-12-28,canteen_lpg,246,kg
2024-12-28,waste_landfill,1495,kg
2024-12-29,electricity,97500,kWh
2024-12-29,bus_diesel,55,Liters
2024-12-29,canteen_lpg,187,kg
2024-12-29,waste_landfill,1150,kg
2024-12-30,electricity,127400,kWh
2024-12-30,bus_diesel,5170,Liters
2024-12-30,canteen_lpg,816,kg
2024-12-30,waste_landfill,2346,kg
2024-12-31,electricity,130000,kWh
2024-12-31,bus_diesel,5500,Liters
2024-12-31,canteen_lpg,850,kg
2024-12-31,waste_landfill,2300,kg
2024-11-01,electricity,135200,kWh
2024-11-01,bus_diesel,5665,Liters
2024-11-01,canteen_lpg,875,kg
2024-11-01,waste_landfill,2461,kg
2024-11-02,electricity,101400,kWh
2024-11-02,bus_diesel,110,Liters
2024-11-02,canteen_lpg,238,kg
2024-11-02,waste_landfill,1380,kg
2024-11-03,electricity,104000,kWh
2024-11-03,bus_diesel,165,Liters
2024-11-03,canteen_lpg,221,kg
2024-11-03,waste_landfill,1265,kg
2024-11-04,electricity,133900,kWh
2024-11-04,bus_diesel,5830,Liters
2024-11-04,canteen_lpg,867,kg
2024-11-04,waste_landfill,2392,kg
2024-11-05,electricity,126100,kWh
2024-11-05,bus_diesel,5115,Liters
2024-11-05,canteen_lpg,824,kg
2024-11-05,waste_landfill,2208,kg
2024-11-06,electricity,131300,kWh
2024-11-06,bus_diesel,5390,Liters
2024-11-06,canteen_lpg,807,kg
2024-11-06,waste_landfill,2438,kg
2024-11-07,electricity,124800,kWh
2024-11-07,bus_diesel,5005,Liters
2024-11-07,canteen_lpg,833,kg
2024-11-07,waste_landfill,2231,kg
2024-11-08,electricity,133900,kWh
2024-11-08,bus_diesel,5885,Liters
2024-11-08,canteen_lpg,884,kg
2024-11-08,waste_landfill,2484,kg
2024-11-09,electricity,107900,kWh
2024-11-09,bus_diesel,220,Liters
2024-11-09,canteen_lpg,246,kg
2024-11-09,waste_landfill,1495,kg
2024-11-10,electricity,97500,kWh
2024-11-10,bus_diesel,55,Liters
2024-11-10,canteen_lpg,187,kg
2024-11-10,waste_landfill,1150,kg
2024-11-11,electricity,127400,kWh
2024-11-11,bus_diesel,5170,Liters
2024-11-11,canteen_lpg,816,kg
2024-11-11,waste_landfill,2346,kg
2024-11-12,electricity,130000,kWh
2024-11-12,bus_diesel,5500,Liters
2024-11-12,canteen_lpg,850,kg
2024-11-12,waste_landfill,2300,kg
2024-11-13,electricity,132600,kWh
2024-11-13,bus_diesel,5775,Liters
2024-11-13,canteen_lpg,892,kg
2024-11-13,waste_landfill,2254,kg
2024-11-14,bus_diesel,5445,Liters
2024-11-14,canteen_lpg,841,kg
2024-11-14,waste_landfill,2277,kg
2024-11-15,electricity,135200,kWh
2024-11-15,bus_diesel,5665,Liters
2024-11-15,canteen_lpg,875,kg
2024-11-15,waste_landfill,2461,kg
2024-11-16,electricity,101400,kWh
2024-11-16,bus_diesel,110,Liters
2024-11-16,canteen_lpg,238,kg
2024-11-16,waste_landfill,1380,kg
2024-11-17,electricity,104000,kWh
2024-11-17,bus_diesel,165,Liters
2024-11-17,canteen_lpg,221,kg
2024-11-17,waste_landfill,1265,kg
2024-11-18,electricity,133900,kWh
2024-11-18,bus_diesel,5830,Liters
2024-11-18,canteen_lpg,867,kg
2024-11-18,waste_landfill,2392,kg
2024-11-19,electricity,126100,kWh
2024-11-19,bus_diesel,5115,Liters
2024-11-19,canteen_lpg,824,kg
2024-11-19,waste_landfill,2208,kg
2024-11-20,electricity,131300,kWh
2024-11-20,bus_diesel,5390,Liters
2024-11-20,canteen_lpg,807,kg
2024-11-20,waste_landfill,2438,kg
2024-11-21,electricity,124800,kWh
2024-11-21,bus_diesel,5005,Liters
2024-11-21,canteen_lpg,833,kg
2024-11-21,waste_landfill,2231,kg
2024-11-22,electricity,133900,kWh
2024-11-22,bus_diesel,5885,Liters
2024-11-22,canteen_lpg,884,kg
2024-11-22,waste_landfill,2484,kg
2024-11-23,electricity,107900,kWh
2024-11-23,bus_diesel,220,Liters
2024-11-23,waste_landfill,1495,kg
2024-11-24,electricity,97500,kWh
2024-11-24,bus_diesel,55,Liters
2024-11-24,canteen_lpg,187,kg
2024-11-24,waste_landfill,1150,kg
2024-11-25,electricity,127400,kWh
2024-11-25,bus_diesel,5170,Liters
2024-11-25,canteen_lpg,816,kg
2024-11-25,waste_landfill,2346,kg
2024-11-26,electricity,130000,kWh
2024-11-26,bus_diesel,5500,Liters
2024-11-26,canteen_lpg,850,kg
2024-11-26,waste_landfill,2300,kg
2024-11-27,electricity,132600,kWh
2024-11-27,bus_diesel,5775,Liters
2024-11-27,canteen_lpg,892,kg
2024-11-27,waste_landfill,2254,kg
2024-11-28,electricity,128700,kWh
2024-11-28,bus_diesel,5445,Liters
2024-11-28,waste_landfill,2277,kg
2024-11-29,electricity,135200,kWh
2024-11-29,bus_diesel,5665,Liters
2024-11-29,canteen_lpg,875,kg
2024-11-29,waste_landfill,2461,kg
2024-11-30,electricity,101400,kWh
2024-11-30,bus_diesel,110,Liters
2024-11-30,canteen_lpg,238,kg
2024-11-30,waste_landfill,1380,kg


